Accuracy,AUC,F1,MCC,Fold,Model,Experiment
0.7875,0.8113333333333334,0.711864406779661,0.5438201587947635,1,LR,Real_only
0.8375,0.9193333333333333,0.7547169811320755,0.6489248672581798,1,RF,Real_only
0.675,0.7773333333333333,0.5517241379310345,0.2977325790784217,1,SVM,Real_only
0.8625,0.9253333333333335,0.8,0.7032737300610193,1,XGBoost,Real_only
0.85,0.8553333333333333,0.8,0.68,1,LR,Real_plus_Synthetic_Balanced
0.8625,0.9373333333333334,0.7924528301886793,0.7059732072369208,1,RF,Real_plus_Synthetic_Balanced
0.625,0.8066666666666668,0.0,0.0,1,SVM,Real_plus_Synthetic_Balanced
0.8875,0.952,0.8363636363636363,0.7589785799668426,1,XGBoost,Real_plus_Synthetic_Balanced
0.975,0.9986666666666666,0.967741935483871,0.9486832980505139,1,LR,Real_plus_All_Synthetic
0.925,0.984,0.896551724137931,0.8390645410391885,1,RF,Real_plus_All_Synthetic
0.6375,0.852,0.06451612903225806,0.1452482234435317,1,SVM,Real_plus_All_Synthetic
0.9625,0.996,0.9491525423728814,0.9197945895664519,1,XGBoost,Real_plus_All_Synthetic
0.975,0.9993333333333333,0.967741935483871,0.9486832980505139,1,LR,Synthetic_only_TSTR
0.9125,0.9833333333333333,0.8852459016393442,0.8148554882642958,1,RF,Synthetic_only_TSTR
0.4125,0.8866666666666667,0.5607476635514018,0.15289415743128767,1,SVM,Synthetic_only_TSTR
0.9625,0.998,0.9508196721311475,0.9208529501523341,1,XGBoost,Synthetic_only_TSTR
0.8860759493670886,0.9081632653061225,0.8524590163934426,0.7599870258258343,2,LR,Real_only
0.8607594936708861,0.9517006802721089,0.8135593220338984,0.7027562104628631,2,RF,Real_only
0.7215189873417721,0.9340136054421769,0.47619047619047616,0.39553212618225003,2,SVM,Real_only
0.8481012658227848,0.9557823129251701,0.8,0.6775510204081633,2,XGBoost,Real_only
0.8860759493670886,0.9170068027210884,0.8524590163934426,0.7599870258258343,2,LR,Real_plus_Synthetic_Balanced
0.9113924050632911,0.964625850340136,0.8771929824561403,0.8109306289624516,2,RF,Real_plus_Synthetic_Balanced
0.620253164556962,0.9210884353741496,0.0625,0.03993324228711962,2,SVM,Real_plus_Synthetic_Balanced
0.9367088607594937,0.9863945578231292,0.9180327868852459,0.866817942267544,2,XGBoost,Real_plus_Synthetic_Balanced
0.9746835443037974,1.0,0.967741935483871,0.9482798605251253,2,LR,Real_plus_All_Synthetic
0.9746835443037974,0.9959183673469388,0.9666666666666667,0.9462585034013605,2,RF,Real_plus_All_Synthetic
0.6835443037974683,0.9551020408163265,0.32432432432432434,0.3067114514981104,2,SVM,Real_plus_All_Synthetic
0.9873417721518988,1.0,0.9836065573770492,0.9736488587092539,2,XGBoost,Real_plus_All_Synthetic
0.9746835443037974,1.0,0.967741935483871,0.9482798605251253,2,LR,Synthetic_only_TSTR
0.9240506329113924,0.9945578231292517,0.90625,0.8475028508569525,2,RF,Synthetic_only_TSTR
0.3924050632911392,0.972108843537415,0.5555555555555556,0.08859623899229176,2,SVM,Synthetic_only_TSTR
0.9873417721518988,1.0,0.9836065573770492,0.9736488587092539,2,XGBoost,Synthetic_only_TSTR
0.7848101265822784,0.7850340136054422,0.7301587301587301,0.5536189615887452,3,LR,Real_only
0.8607594936708861,0.917687074829932,0.8070175438596491,0.7009503376525226,3,RF,Real_only
0.7088607594936709,0.7874149659863945,0.6101694915254238,0.37809106059990294,3,SVM,Real_only
0.810126582278481,0.9197278911564626,0.7457627118644068,0.5945344938418763,3,XGBoost,Real_only
0.8354430379746836,0.8823129251700681,0.7868852459016393,0.6531561093841245,3,LR,Real_plus_Synthetic_Balanced
0.8860759493670886,0.954421768707483,0.847457627118644,0.7568670687733564,3,RF,Real_plus_Synthetic_Balanced
0.6329113924050633,0.8081632653061225,0.06451612903225806,0.14470719035407653,3,SVM,Real_plus_Synthetic_Balanced
0.9240506329113924,0.9809523809523809,0.9,0.8387755102040816,3,XGBoost,Real_plus_Synthetic_Balanced
0.9873417721518988,0.9959183673469387,0.9830508474576272,0.9733105020153299,3,LR,Real_plus_All_Synthetic
0.9367088607594937,0.9829931972789115,0.9152542372881356,0.8650887853943431,3,RF,Real_plus_All_Synthetic
0.6582278481012658,0.8581632653061224,0.18181818181818182,0.2539166875385041,3,SVM,Real_plus_All_Synthetic
0.9746835443037974,0.9986394557823128,0.9666666666666667,0.9462585034013605,3,XGBoost,Real_plus_All_Synthetic
0.9620253164556962,0.9979591836734695,0.9523809523809523,0.9238139866898046,3,LR,Synthetic_only_TSTR
0.8987341772151899,0.9850340136054422,0.8787878787878788,0.8027863835451574,3,RF,Synthetic_only_TSTR
0.7215189873417721,0.8547619047619048,0.5,0.38821023166898894,3,SVM,Synthetic_only_TSTR
0.9620253164556962,1.0,0.9523809523809523,0.9238139866898046,3,XGBoost,Synthetic_only_TSTR
0.8734177215189873,0.9386206896551724,0.8275862068965517,0.7275862068965517,4,LR,Real_only
0.8987341772151899,0.9627586206896552,0.8461538461538461,0.7836958341217529,4,RF,Real_only
0.8227848101265823,0.8786206896551724,0.7407407407407407,0.611104144857543,4,SVM,Real_only
0.8987341772151899,0.973793103448276,0.8571428571428571,0.780059282700339,4,XGBoost,Real_only
0.9113924050632911,0.9689655172413792,0.8813559322033898,0.8109779270838497,4,LR,Real_plus_Synthetic_Balanced
0.9113924050632911,0.9724137931034482,0.8627450980392157,0.8157553219633659,4,RF,Real_plus_Synthetic_Balanced
0.6708860759493671,0.876551724137931,0.1875,0.2608794285202369,4,SVM,Real_plus_Synthetic_Balanced
0.9367088607594937,0.9786206896551725,0.9090909090909091,0.8637877765149921,4,XGBoost,Real_plus_Synthetic_Balanced
1.0,1.0,1.0,1.0,4,LR,Real_plus_All_Synthetic
0.9620253164556962,0.9944827586206896,0.9454545454545454,0.9196757653312774,4,RF,Real_plus_All_Synthetic
0.6962025316455697,0.9144827586206896,0.3333333333333333,0.3170078535318577,4,SVM,Real_plus_All_Synthetic
0.9746835443037974,1.0,0.9642857142857143,0.9461635504451551,4,XGBoost,Real_plus_All_Synthetic
1.0,1.0,1.0,1.0,4,LR,Synthetic_only_TSTR
0.9493670886075949,0.9951724137931034,0.9354838709677419,0.899157855153837,4,RF,Synthetic_only_TSTR
0.8481012658227848,0.9393103448275862,0.8064516129032258,0.6861639404397347,4,SVM,Synthetic_only_TSTR
0.9620253164556962,0.9993103448275862,0.9508196721311475,0.9229707470987366,4,XGBoost,Synthetic_only_TSTR
0.759493670886076,0.8158620689655172,0.6885245901639344,0.4950048540933063,5,LR,Real_only
0.7974683544303798,0.8648275862068966,0.6923076923076923,0.5524653172380237,5,RF,Real_only
0.6329113924050633,0.7758620689655172,0.49122807017543857,0.2043145171217496,5,SVM,Real_only
0.810126582278481,0.8724137931034482,0.7169811320754716,0.5818685894438711,5,XGBoost,Real_only
0.759493670886076,0.8951724137931034,0.6666666666666666,0.47881871529552883,5,LR,Real_plus_Synthetic_Balanced
0.8354430379746836,0.9151724137931035,0.7547169811320755,0.6389712212029591,5,RF,Real_plus_Synthetic_Balanced
0.6582278481012658,0.7917241379310345,0.12903225806451613,0.21161947784524246,5,SVM,Real_plus_Synthetic_Balanced
0.8860759493670886,0.9482758620689655,0.8421052631578947,0.7533229134693081,5,XGBoost,Real_plus_Synthetic_Balanced
0.9746835443037974,1.0,0.9666666666666667,0.9476626594569569,5,LR,Real_plus_All_Synthetic
0.9240506329113924,0.9868965517241379,0.8888888888888888,0.8369625188633718,5,RF,Real_plus_All_Synthetic
0.6582278481012658,0.8758620689655172,0.18181818181818182,0.1834597265460946,5,SVM,Real_plus_All_Synthetic
1.0,1.0,1.0,1.0,5,XGBoost,Real_plus_All_Synthetic
0.9493670886075949,1.0,0.9354838709677419,0.899157855153837,5,LR,Synthetic_only_TSTR
0.9113924050632911,0.9875862068965517,0.8852459016393442,0.8159792738473791,5,RF,Synthetic_only_TSTR
0.7341772151898734,0.9006896551724138,0.7272727272727273,0.5582495551398741,5,SVM,Synthetic_only_TSTR
0.9746835443037974,1.0,0.9666666666666667,0.9476626594569569,5,XGBoost,Synthetic_only_TSTR
